{
  "project_info": {
    "project_number": "771380701333",
    "project_id": "my-application-6a7c2",
    "storage_bucket": "my-application-6a7c2.appspot.com"
  },
  "client": [
    {
      "client_info": {
        "mobilesdk_app_id": "1:771380701333:android:c0738dcf3f52322978939c",
        "android_client_info": {
          "package_name": "com.example.myapplication"
        }
      },
      "oauth_client": [
        {
          "client_id": "771380701333-b4scv1kj034gvtospb3gabjbaebkev34.apps.googleusercontent.com",
          "client_type": 3
        }
      ],
      "api_key": [
        {
          "current_key": "AIzaSyCWuNBvB4aOKfeQLNwKc32xVw0qSEEaJuw"
        }
      ],
      "services": {
        "appinvite_service": {
          "other_platform_oauth_client": [
            {
              "client_id": "771380701333-b4scv1kj034gvtospb3gabjbaebkev34.apps.googleusercontent.com",
              "client_type": 3
            }
          ]
        }
      }
    }
  ],
  "configuration_version": "1"
}